556e6950726f744b4209503335353237094b5254390909474f3a3030303532303009504d49443a3836343732373009544153090946094b65726174696e2c20747970652049206379746f736b656c6574616c2039090970726f7465696e097461786f6e3a393630360932303033303930340950494e43090909	UniProtKB:P35527	Keratin, type I cytoskeletal 9		GO:0005200		PINC	NCBITaxon:9606	TAS		PANTHER:PTHR23239	protein		PMID:8647270	20030904			
556e6950726f744b4209513948383533095455424134420909474f3a3030303532303009504d49443a3231383733363335094942410950414e544845523a50544e3030303137323539387c6469637479426173653a4444425f47303238373638397c556e6950726f744b423a413041314438505456347c4d47493a4d47493a3130373831327c5347443a533030303030343230327c46423a4642676e303030333838367c46423a4642676e303030333838387c556e6950726f744b423a5032343633337c6469637479426173653a4444425f47303236393139367c556e6950726f744b423a413041314438504339377c556e6950726f744b423a5031383639357c46423a4642676e303238343234337c4d47493a4d47493a313037383134094609507574617469766520747562756c696e2d6c696b652070726f7465696e20616c7068612d34420954554241340970726f7465696e097461786f6e3a3936303609323031373035313209474f5f43656e7472616c090909	UniProtKB:Q9H853	Putative tubulin-like protein alpha-4B		GO:0005200		GO_Central	NCBITaxon:9606	IBA	PANTHER:PTN000172598|dictyBase:DDB_G0287689|UniProtKB:A0A1D8PTV4|MGI:MGI:107812|SGD:S000004202|FB:FBgn0003886|FB:FBgn0003888|UniProtKB:P24633|dictyBase:DDB_G0269196|UniProtKB:A0A1D8PC97|UniProtKB:P18695|FB:FBgn0284243|MGI:MGI:107814	PANTHER:PTHR11588	protein		PMID:21873635	20170512			
556e6950726f744b4209513942514533095455424131430909474f3a3030303532303009504d49443a3231383733363335094942410950414e544845523a50544e3030303137323539387c6469637479426173653a4444425f47303238373638397c556e6950726f744b423a413041314438505456347c4d47493a4d47493a3130373831327c5347443a533030303030343230327c46423a4642676e303030333838367c46423a4642676e303030333838387c556e6950726f744b423a5032343633337c6469637479426173653a4444425f47303236393139367c556e6950726f744b423a413041314438504339377c556e6950726f744b423a5031383639357c46423a4642676e303238343234337c4d47493a4d47493a313037383134094609547562756c696e20616c7068612d314320636861696e0954554241360970726f7465696e097461786f6e3a3936303609323031373035313209474f5f43656e7472616c090909	UniProtKB:Q9BQE3	Tubulin alpha-1C chain		GO:0005200		GO_Central	NCBITaxon:9606	IBA	PANTHER:PTN000172598|dictyBase:DDB_G0287689|UniProtKB:A0A1D8PTV4|MGI:MGI:107812|SGD:S000004202|FB:FBgn0003886|FB:FBgn0003888|UniProtKB:P24633|dictyBase:DDB_G0269196|UniProtKB:A0A1D8PC97|UniProtKB:P18695|FB:FBgn0284243|MGI:MGI:107814	PANTHER:PTHR11588	protein		PMID:21873635	20170512			
556e6950726f744b420950313431333609474641500909474f3a3030303532303009504d49443a323734303335300954415309094609476c69616c2066696272696c6c617279206163696469632070726f7465696e090970726f7465696e097461786f6e3a393630360932303033303930340950494e43090909	UniProtKB:P14136	Glial fibrillary acidic protein		GO:0005200		PINC	NCBITaxon:9606	TAS		PANTHER:PTHR45652	protein		PMID:2740350	20030904			
556e6950726f744b420951394259583709504f54454b500909474f3a3030393839373309504d49443a3231383733363335094942410950414e544845523a50544e3030323633313532347c556e6950726f744b423a5036303730397c5247443a31333034353536094609507574617469766520626574612d616374696e2d6c696b652070726f7465696e203309414354424c337c464b534733300970726f7465696e097461786f6e3a3936303609323032303038303809474f5f43656e7472616c090909	UniProtKB:Q9BYX7	Putative beta-actin-like protein 3		GO:0098973		GO_Central	NCBITaxon:9606	IBA	PANTHER:PTN002631524|UniProtKB:P60709|RGD:1304556	PANTHER:PTHR11937	protein		PMID:21873635	20200808			
556e6950726f744b420951313338313309535054414e310909474f3a3030303532303009504d49443a323330373637310954415309094609537065637472696e20616c70686120636861696e2c206e6f6e2d6572797468726f63797469632031094e4541537c53505441320970726f7465696e097461786f6e3a393630360932303033303930340950494e43090909	UniProtKB:Q13813	Spectrin alpha chain, non-erythrocytic 1		GO:0005200		PINC	NCBITaxon:9606	TAS		PANTHER:PTHR11915	protein		PMID:2307671	20030904			
556e6950726f744b4209503038373739094b525431360909474f3a3030303532303009504d49443a32343531313234094e4153090946094b65726174696e2c20747970652049206379746f736b656c6574616c203136094b52543136410970726f7465696e097461786f6e3a3936303609323030353033303809556e6950726f74090909	UniProtKB:P08779	Keratin, type I cytoskeletal 16		GO:0005200		UniProt	NCBITaxon:9606	NAS		PANTHER:PTHR23239	protein		PMID:2451124	20050308			
556e6950726f744b420941364e484c3209545542414c330909474f3a3030303532303009504d49443a3231383733363335094942410950414e544845523a50544e3030303137323539387c6469637479426173653a4444425f47303238373638397c556e6950726f744b423a413041314438505456347c4d47493a4d47493a3130373831327c5347443a533030303030343230327c46423a4642676e303030333838367c46423a4642676e303030333838387c556e6950726f744b423a5032343633337c6469637479426173653a4444425f47303236393139367c556e6950726f744b423a413041314438504339377c556e6950726f744b423a5031383639357c46423a4642676e303238343234337c4d47493a4d47493a313037383134094609547562756c696e20616c70686120636861696e2d6c696b652033090970726f7465696e097461786f6e3a3936303609323031373035313209474f5f43656e7472616c090909	UniProtKB:A6NHL2	Tubulin alpha chain-like 3		GO:0005200		GO_Central	NCBITaxon:9606	IBA	PANTHER:PTN000172598|dictyBase:DDB_G0287689|UniProtKB:A0A1D8PTV4|MGI:MGI:107812|SGD:S000004202|FB:FBgn0003886|FB:FBgn0003888|UniProtKB:P24633|dictyBase:DDB_G0269196|UniProtKB:A0A1D8PC97|UniProtKB:P18695|FB:FBgn0284243|MGI:MGI:107814	PANTHER:PTHR11588	protein		PMID:21873635	20170512			
556e6950726f744b420951394e5936350954554241380909474f3a3030303532303009504d49443a3231383733363335094942410950414e544845523a50544e3030303137323539387c6469637479426173653a4444425f47303238373638397c556e6950726f744b423a413041314438505456347c4d47493a4d47493a3130373831327c5347443a533030303030343230327c46423a4642676e303030333838367c46423a4642676e303030333838387c556e6950726f744b423a5032343633337c6469637479426173653a4444425f47303236393139367c556e6950726f744b423a413041314438504339377c556e6950726f744b423a5031383639357c46423a4642676e303238343234337c4d47493a4d47493a313037383134094609547562756c696e20616c7068612d3820636861696e09545542414c320970726f7465696e097461786f6e3a3936303609323031373035313209474f5f43656e7472616c090909	UniProtKB:Q9NY65	Tubulin alpha-8 chain		GO:0005200		GO_Central	NCBITaxon:9606	IBA	PANTHER:PTN000172598|dictyBase:DDB_G0287689|UniProtKB:A0A1D8PTV4|MGI:MGI:107812|SGD:S000004202|FB:FBgn0003886|FB:FBgn0003888|UniProtKB:P24633|dictyBase:DDB_G0269196|UniProtKB:A0A1D8PC97|UniProtKB:P18695|FB:FBgn0284243|MGI:MGI:107814	PANTHER:PTHR11588	protein		PMID:21873635	20170512			
556e6950726f744b420951353632523109414354424c320909474f3a3030393839373309504d49443a3231383733363335094942410950414e544845523a50544e3030323633313532347c556e6950726f744b423a5036303730397c5247443a31333034353536094609426574612d616374696e2d6c696b652070726f7465696e2032090970726f7465696e097461786f6e3a3936303609323032303038303809474f5f43656e7472616c090909	UniProtKB:Q562R1	Beta-actin-like protein 2		GO:0098973		GO_Central	NCBITaxon:9606	IBA	PANTHER:PTN002631524|UniProtKB:P60709|RGD:1304556	PANTHER:PTHR11937	protein		PMID:21873635	20200808			
556e6950726f744b420941364e4e5a32095455424238420909474f3a3030303532303009504d49443a3231383733363335094942410950414e544845523a50544e3030303137323539387c6469637479426173653a4444425f47303238373638397c556e6950726f744b423a413041314438505456347c4d47493a4d47493a3130373831327c5347443a533030303030343230327c46423a4642676e303030333838367c46423a4642676e303030333838387c556e6950726f744b423a5032343633337c6469637479426173653a4444425f47303236393139367c556e6950726f744b423a413041314438504339377c556e6950726f744b423a5031383639357c46423a4642676e303238343234337c4d47493a4d47493a313037383134094609547562756c696e2062657461203842090970726f7465696e097461786f6e3a3936303609323031373035313209474f5f43656e7472616c090909	UniProtKB:A6NNZ2	Tubulin beta 8B		GO:0005200		GO_Central	NCBITaxon:9606	IBA	PANTHER:PTN000172598|dictyBase:DDB_G0287689|UniProtKB:A0A1D8PTV4|MGI:MGI:107812|SGD:S000004202|FB:FBgn0003886|FB:FBgn0003888|UniProtKB:P24633|dictyBase:DDB_G0269196|UniProtKB:A0A1D8PC97|UniProtKB:P18695|FB:FBgn0284243|MGI:MGI:107814	PANTHER:PTHR11588	protein		PMID:21873635	20170512			
556e6950726f744b42094f31353531310941525043350909474f3a3030303532303009504d49443a31313734313533390949444109094609416374696e2d72656c617465642070726f7465696e20322f3320636f6d706c657820737562756e697420350941524331360970726f7465696e097461786f6e3a3936303609323031343038313509466c7942617365090909	UniProtKB:O15511	Actin-related protein 2/3 complex subunit 5		GO:0005200		FlyBase	NCBITaxon:9606	IDA		PANTHER:PTHR12644	protein		PMID:11741539	20140815			
556e6950726f744b42094f3934383035094143544c36420909474f3a3030303532303009504d49443a31303338303633350954415309094609416374696e2d6c696b652070726f7465696e203642094143544c367c4241463533420970726f7465696e097461786f6e3a393630360932303035303330380950494e43090909	UniProtKB:O94805	Actin-like protein 6B		GO:0005200		PINC	NCBITaxon:9606	TAS		PANTHER:PTHR11937	protein		PMID:10380635	20050308			
556e6950726f744b42095032333235380954554247310909474f3a3030303532303009504d49443a3231383733363335094942410950414e544845523a50544e3030303137323539387c6469637479426173653a4444425f47303238373638397c556e6950726f744b423a413041314438505456347c4d47493a4d47493a3130373831327c5347443a533030303030343230327c46423a4642676e303030333838367c46423a4642676e303030333838387c556e6950726f744b423a5032343633337c6469637479426173653a4444425f47303236393139367c556e6950726f744b423a413041314438504339377c556e6950726f744b423a5031383639357c46423a4642676e303238343234337c4d47493a4d47493a313037383134094609547562756c696e2067616d6d612d3120636861696e09545542470970726f7465696e097461786f6e3a3936303609323031373035313209474f5f43656e7472616c090909	UniProtKB:P23258	Tubulin gamma-1 chain		GO:0005200		GO_Central	NCBITaxon:9606	IBA	PANTHER:PTN000172598|dictyBase:DDB_G0287689|UniProtKB:A0A1D8PTV4|MGI:MGI:107812|SGD:S000004202|FB:FBgn0003886|FB:FBgn0003888|UniProtKB:P24633|dictyBase:DDB_G0269196|UniProtKB:A0A1D8PC97|UniProtKB:P18695|FB:FBgn0284243|MGI:MGI:107814	PANTHER:PTHR11588	protein		PMID:21873635	20170512			
556e6950726f744b42095030383637300956494d0909474f3a3030303532303009504d49443a3131383839303332094944410909460956696d656e74696e090970726f7465696e097461786f6e3a3936303609323030343130323009556e6950726f74090909	UniProtKB:P08670	Vimentin		GO:0005200		UniProt	NCBITaxon:9606	IDA		PANTHER:PTHR45652	protein		PMID:11889032	20041020			
556e6950726f744b4209513731553336095455424131410909474f3a3030303532303009504d49443a3231383733363335094942410950414e544845523a50544e3030303137323539387c6469637479426173653a4444425f47303238373638397c556e6950726f744b423a413041314438505456347c4d47493a4d47493a3130373831327c5347443a533030303030343230327c46423a4642676e303030333838367c46423a4642676e303030333838387c556e6950726f744b423a5032343633337c6469637479426173653a4444425f47303236393139367c556e6950726f744b423a413041314438504339377c556e6950726f744b423a5031383639357c46423a4642676e303238343234337c4d47493a4d47493a313037383134094609547562756c696e20616c7068612d314120636861696e0954554241330970726f7465696e097461786f6e3a3936303609323031373035313209474f5f43656e7472616c090909	UniProtKB:Q71U36	Tubulin alpha-1A chain		GO:0005200		GO_Central	NCBITaxon:9606	IBA	PANTHER:PTN000172598|dictyBase:DDB_G0287689|UniProtKB:A0A1D8PTV4|MGI:MGI:107812|SGD:S000004202|FB:FBgn0003886|FB:FBgn0003888|UniProtKB:P24633|dictyBase:DDB_G0269196|UniProtKB:A0A1D8PC97|UniProtKB:P18695|FB:FBgn0284243|MGI:MGI:107814	PANTHER:PTHR11588	protein		PMID:21873635	20170512			
556e6950726f744b420950313132373709535054420909474f3a3030303532303009474f5f5245463a303030303030320949454109496e74657250726f3a495052303136333433094609537065637472696e206265746120636861696e2c206572797468726f63797469630953505442310970726f7465696e097461786f6e3a3936303609323032303131323809496e74657250726f090909	UniProtKB:P11277	Spectrin beta chain, erythrocytic		GO:0005200		InterPro	NCBITaxon:9606	IEA	InterPro:IPR016343	PANTHER:PTHR11915	protein		GO_REF:0000002	20201128			
556e6950726f744b42095031363435320945504234320909474f3a3030303532303009504d49443a31333530323237095441530909460950726f7465696e20342e3209453432500970726f7465696e097461786f6e3a393630360932303033303930340950494e43090909	UniProtKB:P16452	Protein 4.2		GO:0005200		PINC	NCBITaxon:9606	TAS		PANTHER:PTHR11590	protein		PMID:1350227	20030904			
556e6950726f744b420950313135333209444d440909474f3a3030303532303009504d49443a33323832363734095441530909460944797374726f7068696e090970726f7465696e097461786f6e3a393630360932303033303930340950494e43090909	UniProtKB:P11532	Dystrophin		GO:0005200		PINC	NCBITaxon:9606	TAS		PANTHER:PTHR11915	protein		PMID:3282674	20030904			
556e6950726f744b42095036333236310941435447310909474f3a3030303532303009504d49443a313631333031363909494309474f3a30303035383536094609416374696e2c206379746f706c61736d6963203209414354470970726f7465696e097461786f6e3a3936303609323030363131303809556e6950726f74090909	UniProtKB:P63261	Actin, cytoplasmic 2		GO:0005200		UniProt	NCBITaxon:9606	IC	GO:0005856	PANTHER:PTHR11937	protein		PMID:16130169	20061108			
556e6950726f744b42095036333236310941435447310909474f3a3030393839373309504d49443a3231383733363335094942410950414e544845523a50544e3030323633313532347c556e6950726f744b423a5036303730397c5247443a31333034353536094609416374696e2c206379746f706c61736d6963203209414354470970726f7465696e097461786f6e3a3936303609323032303038303809474f5f43656e7472616c090909	UniProtKB:P63261	Actin, cytoplasmic 2		GO:0098973		GO_Central	NCBITaxon:9606	IBA	PANTHER:PTN002631524|UniProtKB:P60709|RGD:1304556	PANTHER:PTHR11937	protein		PMID:21873635	20200808			
556e6950726f744b4209513959363135094143544c37410909474f3a3030303532303009504d49443a31303337333332380954415309094609416374696e2d6c696b652070726f7465696e203741090970726f7465696e097461786f6e3a393630360932303033303930340950494e43090909	UniProtKB:Q9Y615	Actin-like protein 7A		GO:0005200		PINC	NCBITaxon:9606	TAS		PANTHER:PTHR11937	protein		PMID:10373328	20030904			
556e6950726f744b420951393643573509545542474350330909474f3a3030303532303009504d49443a39353636393639094e41530909460947616d6d612d747562756c696e20636f6d706c657820636f6d706f6e656e74203309474350330970726f7465696e097461786f6e3a3936303609323030343034323109556e6950726f74090909	UniProtKB:Q96CW5	Gamma-tubulin complex component 3		GO:0005200		UniProt	NCBITaxon:9606	NAS		PANTHER:PTHR19302	protein		PMID:9566969	20040421			
556e6950726f744b4209513959363134094143544c37420909474f3a3030303532303009504d49443a31303337333332380954415309094609416374696e2d6c696b652070726f7465696e203742090970726f7465696e097461786f6e3a393630360932303033303930340950494e43090909	UniProtKB:Q9Y614	Actin-like protein 7B		GO:0005200		PINC	NCBITaxon:9606	TAS		PANTHER:PTHR11937	protein		PMID:10373328	20030904			
556e6950726f744b42095031313137310945504234310909474f3a3030303532303009504d49443a36383934393332095441530909460950726f7465696e20342e3109453431500970726f7465696e097461786f6e3a393630360932303033303930340950494e43090909	UniProtKB:P11171	Protein 4.1		GO:0005200		PINC	NCBITaxon:9606	TAS		PANTHER:PTHR23280	protein		PMID:6894932	20030904			
556e6950726f744b4209503233343930094c4f52494352494e0909474f3a3030303532303009504d49443a3230303736303709544153090946094c6f72696372696e094c4f527c4c524e0970726f7465696e097461786f6e3a393630360932303033303930340950494e43090909	UniProtKB:P23490	Loricrin		GO:0005200		PINC	NCBITaxon:9606	TAS		PANTHER:PTHR39228	protein		PMID:2007607	20030904			
556e6950726f744b42094f3030343638094147524e0909474f3a3030303532303009504d49443a393635323430340954415309094609416772696e09414752494e0970726f7465696e097461786f6e3a3936303609323030343131303209556e6950726f74090909	UniProtKB:O00468	Agrin		GO:0005200		UniProt	NCBITaxon:9606	TAS		PANTHER:PTHR10574	protein		PMID:9652404	20041102			
556e6950726f744b4209513133383835095455424232410909474f3a3030303532303009504d49443a3231383733363335094942410950414e544845523a50544e3030303137323539387c6469637479426173653a4444425f47303238373638397c556e6950726f744b423a413041314438505456347c4d47493a4d47493a3130373831327c5347443a533030303030343230327c46423a4642676e303030333838367c46423a4642676e303030333838387c556e6950726f744b423a5032343633337c6469637479426173653a4444425f47303236393139367c556e6950726f744b423a413041314438504339377c556e6950726f744b423a5031383639357c46423a4642676e303238343234337c4d47493a4d47493a313037383134094609547562756c696e20626574612d324120636861696e0954554242320970726f7465696e097461786f6e3a3936303609323031373035313209474f5f43656e7472616c090909	UniProtKB:Q13885	Tubulin beta-2A chain		GO:0005200		GO_Central	NCBITaxon:9606	IBA	PANTHER:PTN000172598|dictyBase:DDB_G0287689|UniProtKB:A0A1D8PTV4|MGI:MGI:107812|SGD:S000004202|FB:FBgn0003886|FB:FBgn0003888|UniProtKB:P24633|dictyBase:DDB_G0269196|UniProtKB:A0A1D8PC97|UniProtKB:P18695|FB:FBgn0284243|MGI:MGI:107814	PANTHER:PTHR11588	protein		PMID:21873635	20170512			
556e6950726f744b42095032363233320943544e4e41320909474f3a3030303532303009504d49443a38343332353234094e415309094609436174656e696e20616c7068612d3209434150520970726f7465696e097461786f6e3a3936303609323030313039323909556e6950726f74090909	UniProtKB:P26232	Catenin alpha-2		GO:0005200		UniProt	NCBITaxon:9606	NAS		PANTHER:PTHR18914	protein		PMID:8432524	20010929			
556e6950726f744b420950303139313109484c412d445242310909474f3a3030303532303009504d49443a313238313737310954415309094609484c4120636c61737320494920686973746f636f6d7061746962696c69747920616e746967656e2c2044524231206265746120636861696e090970726f7465696e097461786f6e3a3936303609323031393132323009556e6950726f74090909	UniProtKB:P01911	HLA class II histocompatibility antigen, DRB1 beta chain		GO:0005200		UniProt	NCBITaxon:9606	TAS		PANTHER:PTHR19944	protein		PMID:1281771	20191220			
556e6950726f744b4209503236303338094d534e0909474f3a3030303532303009504d49443a3139323432383909544153090946094d6f6573696e090970726f7465696e097461786f6e3a393630360932303033303930340950494e43090909	UniProtKB:P26038	Moesin		GO:0005200		PINC	NCBITaxon:9606	TAS		PANTHER:PTHR23281	protein		PMID:1924289	20030904			
556e6950726f744b42095036383133330941435441310909474f3a3030303532303009504d49443a31303530383531390954415309094609416374696e2c20616c70686120736b656c6574616c206d7573636c6509414354410970726f7465696e097461786f6e3a3936303609323030363131303809556e6950726f74090909	UniProtKB:P68133	Actin, alpha skeletal muscle		GO:0005200		UniProt	NCBITaxon:9606	TAS		PANTHER:PTHR11937	protein		PMID:10508519	20061108			
556e6950726f744b4209503034333530095455424234410909474f3a3030303532303009504d49443a3231383733363335094942410950414e544845523a50544e3030303137323539387c6469637479426173653a4444425f47303238373638397c556e6950726f744b423a413041314438505456347c4d47493a4d47493a3130373831327c5347443a533030303030343230327c46423a4642676e303030333838367c46423a4642676e303030333838387c556e6950726f744b423a5032343633337c6469637479426173653a4444425f47303236393139367c556e6950726f744b423a413041314438504339377c556e6950726f744b423a5031383639357c46423a4642676e303238343234337c4d47493a4d47493a313037383134094609547562756c696e20626574612d344120636861696e0954554242347c54554242350970726f7465696e097461786f6e3a3936303609323031373035313209474f5f43656e7472616c090909	UniProtKB:P04350	Tubulin beta-4A chain		GO:0005200		GO_Central	NCBITaxon:9606	IBA	PANTHER:PTN000172598|dictyBase:DDB_G0287689|UniProtKB:A0A1D8PTV4|MGI:MGI:107812|SGD:S000004202|FB:FBgn0003886|FB:FBgn0003888|UniProtKB:P24633|dictyBase:DDB_G0269196|UniProtKB:A0A1D8PC97|UniProtKB:P18695|FB:FBgn0284243|MGI:MGI:107814	PANTHER:PTHR11588	protein		PMID:21873635	20170512			
556e6950726f744b42094f393438373509534f524253320909474f3a3030303532303009504d49443a393231313930300954415309094609536f7262696e20616e642053483320646f6d61696e2d636f6e7461696e696e672070726f7465696e2032094152474250327c4b494141303737370970726f7465696e097461786f6e3a393630360932303033303930340950494e43090909	UniProtKB:O94875	Sorbin and SH3 domain-containing protein 2		GO:0005200		PINC	NCBITaxon:9606	TAS		PANTHER:PTHR14167	protein		PMID:9211900	20030904			
556e6950726f744b420951313531343909504c45430909474f3a3030303532303009504d49443a3231383733363335094942410950414e544845523a50544e3030323735333830337c5247443a363231363439094609506c656374696e09504c4543310970726f7465696e097461786f6e3a3936303609323031383034313109474f5f43656e7472616c090909	UniProtKB:Q15149	Plectin		GO:0005200		GO_Central	NCBITaxon:9606	IBA	PANTHER:PTN002753803|RGD:621649	PANTHER:PTHR23169	protein		PMID:21873635	20180411			
556e6950726f744b42094f303032393109484950310909474f3a3030303532303009504d49443a39313430333934095441530909460948756e74696e6774696e2d696e746572616374696e672070726f7465696e2031090970726f7465696e097461786f6e3a393630360932303033303930340950494e43090909	UniProtKB:O00291	Huntingtin-interacting protein 1		GO:0005200		PINC	NCBITaxon:9606	TAS		PANTHER:PTHR10407	protein		PMID:9140394	20030904			
556e6950726f744b4209503638333731095455424234420909474f3a3030303532303009504d49443a3231383733363335094942410950414e544845523a50544e3030303137323539387c6469637479426173653a4444425f47303238373638397c556e6950726f744b423a413041314438505456347c4d47493a4d47493a3130373831327c5347443a533030303030343230327c46423a4642676e303030333838367c46423a4642676e303030333838387c556e6950726f744b423a5032343633337c6469637479426173653a4444425f47303236393139367c556e6950726f744b423a413041314438504339377c556e6950726f744b423a5031383639357c46423a4642676e303238343234337c4d47493a4d47493a313037383134094609547562756c696e20626574612d344220636861696e095455424232430970726f7465696e097461786f6e3a3936303609323031373035313209474f5f43656e7472616c090909	UniProtKB:P68371	Tubulin beta-4B chain		GO:0005200		GO_Central	NCBITaxon:9606	IBA	PANTHER:PTN000172598|dictyBase:DDB_G0287689|UniProtKB:A0A1D8PTV4|MGI:MGI:107812|SGD:S000004202|FB:FBgn0003886|FB:FBgn0003888|UniProtKB:P24633|dictyBase:DDB_G0269196|UniProtKB:A0A1D8PC97|UniProtKB:P18695|FB:FBgn0284243|MGI:MGI:107814	PANTHER:PTHR11588	protein		PMID:21873635	20170512			
556e6950726f744b4209503638333636095455424134410909474f3a3030303532303009504d49443a3231383733363335094942410950414e544845523a50544e3030303137323539387c6469637479426173653a4444425f47303238373638397c556e6950726f744b423a413041314438505456347c4d47493a4d47493a3130373831327c5347443a533030303030343230327c46423a4642676e303030333838367c46423a4642676e303030333838387c556e6950726f744b423a5032343633337c6469637479426173653a4444425f47303236393139367c556e6950726f744b423a413041314438504339377c556e6950726f744b423a5031383639357c46423a4642676e303238343234337c4d47493a4d47493a313037383134094609547562756c696e20616c7068612d344120636861696e0954554241310970726f7465696e097461786f6e3a3936303609323031373035313209474f5f43656e7472616c090909	UniProtKB:P68366	Tubulin alpha-4A chain		GO:0005200		GO_Central	NCBITaxon:9606	IBA	PANTHER:PTN000172598|dictyBase:DDB_G0287689|UniProtKB:A0A1D8PTV4|MGI:MGI:107812|SGD:S000004202|FB:FBgn0003886|FB:FBgn0003888|UniProtKB:P24633|dictyBase:DDB_G0269196|UniProtKB:A0A1D8PC97|UniProtKB:P18695|FB:FBgn0284243|MGI:MGI:107814	PANTHER:PTHR11588	protein		PMID:21873635	20170512			
556e6950726f744b4209503638333633095455424131420909474f3a3030303532303009504d49443a3231383733363335094942410950414e544845523a50544e3030303137323539387c6469637479426173653a4444425f47303238373638397c556e6950726f744b423a413041314438505456347c4d47493a4d47493a3130373831327c5347443a533030303030343230327c46423a4642676e303030333838367c46423a4642676e303030333838387c556e6950726f744b423a5032343633337c6469637479426173653a4444425f47303236393139367c556e6950726f744b423a413041314438504339377c556e6950726f744b423a5031383639357c46423a4642676e303238343234337c4d47493a4d47493a313037383134094609547562756c696e20616c7068612d314220636861696e090970726f7465696e097461786f6e3a3936303609323031373035313209474f5f43656e7472616c090909	UniProtKB:P68363	Tubulin alpha-1B chain		GO:0005200		GO_Central	NCBITaxon:9606	IBA	PANTHER:PTN000172598|dictyBase:DDB_G0287689|UniProtKB:A0A1D8PTV4|MGI:MGI:107812|SGD:S000004202|FB:FBgn0003886|FB:FBgn0003888|UniProtKB:P24633|dictyBase:DDB_G0269196|UniProtKB:A0A1D8PC97|UniProtKB:P18695|FB:FBgn0284243|MGI:MGI:107814	PANTHER:PTHR11588	protein		PMID:21873635	20170512			
556e6950726f744b4209503034323539094b525436420909474f3a3030303532303009504d49443a3936313831373309544153090946094b65726174696e2c2074797065204949206379746f736b656c6574616c203642094b36427c4b52544c310970726f7465696e097461786f6e3a393630360932303033303930340950494e43090909	UniProtKB:P04259	Keratin, type II cytoskeletal 6B		GO:0005200		PINC	NCBITaxon:9606	TAS		PANTHER:PTHR45616	protein		PMID:9618173	20030904			
556e6950726f744b420951393652543109455242494e0909474f3a3030303532303009504d49443a3131333735393735094e415309094609457262696e09455242423249507c4b494141313232357c4c4150320970726f7465696e097461786f6e3a3936303609323030333132313609556e6950726f74090909	UniProtKB:Q96RT1	Erbin		GO:0005200		UniProt	NCBITaxon:9606	NAS		PANTHER:PTHR45752	protein		PMID:11375975	20031216			
556e6950726f744b42095139425546350954554242360909474f3a3030303532303009504d49443a3231383733363335094942410950414e544845523a50544e3030303137323539387c6469637479426173653a4444425f47303238373638397c556e6950726f744b423a413041314438505456347c4d47493a4d47493a3130373831327c5347443a533030303030343230327c46423a4642676e303030333838367c46423a4642676e303030333838387c556e6950726f744b423a5032343633337c6469637479426173653a4444425f47303236393139367c556e6950726f744b423a413041314438504339377c556e6950726f744b423a5031383639357c46423a4642676e303238343234337c4d47493a4d47493a313037383134094609547562756c696e20626574612d3620636861696e090970726f7465696e097461786f6e3a3936303609323031373035313209474f5f43656e7472616c090909	UniProtKB:Q9BUF5	Tubulin beta-6 chain		GO:0005200		GO_Central	NCBITaxon:9606	IBA	PANTHER:PTN000172598|dictyBase:DDB_G0287689|UniProtKB:A0A1D8PTV4|MGI:MGI:107812|SGD:S000004202|FB:FBgn0003886|FB:FBgn0003888|UniProtKB:P24633|dictyBase:DDB_G0269196|UniProtKB:A0A1D8PC97|UniProtKB:P18695|FB:FBgn0284243|MGI:MGI:107814	PANTHER:PTHR11588	protein		PMID:21873635	20170512			
556e6950726f744b42095030323534390953505441310909474f3a3030303532303009504d49443a313633343532310954415309094609537065637472696e20616c70686120636861696e2c206572797468726f6379746963203109535054410970726f7465696e097461786f6e3a393630360932303033303930340950494e43090909	UniProtKB:P02549	Spectrin alpha chain, erythrocytic 1		GO:0005200		PINC	NCBITaxon:9606	TAS		PANTHER:PTHR11915	protein		PMID:1634521	20030904			
556e6950726f744b4209503032353338094b525436410909474f3a3030303532303009504d49443a37353433313034094e4153090946094b65726174696e2c2074797065204949206379746f736b656c6574616c203641094b36417c4b525436440970726f7465696e097461786f6e3a3936303609323030373039303609556e6950726f74090909	UniProtKB:P02538	Keratin, type II cytoskeletal 6A		GO:0005200		UniProt	NCBITaxon:9606	NAS		PANTHER:PTHR45616	protein		PMID:7543104	20070906			
556e6950726f744b4209503032353333094b525431340909474f3a3030303532303009504d49443a3735323534303809544153090946094b65726174696e2c20747970652049206379746f736b656c6574616c203134090970726f7465696e097461786f6e3a393630360932303033303930340950494e43090909	UniProtKB:P02533	Keratin, type I cytoskeletal 14		GO:0005200		PINC	NCBITaxon:9606	TAS		PANTHER:PTHR23239	protein		PMID:7525408	20030904			
556e6950726f744b42095030393439330954504d310909474f3a3030303532303009504d49443a3132363836353938095441530909460954726f706f6d796f73696e20616c7068612d3120636861696e094331356f726631337c544d53410970726f7465696e097461786f6e3a39363036093230303831303136094248462d55434c090909	UniProtKB:P09493	Tropomyosin alpha-1 chain		GO:0005200		BHF-UCL	NCBITaxon:9606	TAS		PANTHER:PTHR19269	protein		PMID:12686598	20081016			
556e6950726f744b42094f31353139350956494c4c0909474f3a3030303532303009504d49443a39313739343934095441530909460956696c6c696e2d6c696b652070726f7465696e090970726f7465696e097461786f6e3a393630360932303033303930340950494e43090909	UniProtKB:O15195	Villin-like protein		GO:0005200		PINC	NCBITaxon:9606	TAS		PANTHER:PTHR11977	protein		PMID:9179494	20030904			
556e6950726f744b42094f31353134350941525043330909474f3a3030303532303009504d49443a31313734313533390949444109094609416374696e2d72656c617465642070726f7465696e20322f3320636f6d706c657820737562756e697420330941524332310970726f7465696e097461786f6e3a3936303609323031343038313509466c7942617365090909	UniProtKB:O15145	Actin-related protein 2/3 complex subunit 3		GO:0005200		FlyBase	NCBITaxon:9606	IDA		PANTHER:PTHR12391	protein		PMID:11741539	20140815			
556e6950726f744b42094f31353134340941525043320909474f3a3030303532303009504d49443a31313734313533390949444109094609416374696e2d72656c617465642070726f7465696e20322f3320636f6d706c657820737562756e697420320941524333347c50524f323434360970726f7465696e097461786f6e3a3936303609323031343038313509466c7942617365090909	UniProtKB:O15144	Actin-related protein 2/3 complex subunit 2		GO:0005200		FlyBase	NCBITaxon:9606	IDA		PANTHER:PTHR12058	protein		PMID:11741539	20140815			
556e6950726f744b42094f31353134340941525043320909474f3a3030303532303009504d49443a3231383733363335094942410950414e544845523a50544e3030303234383631317c556e6950726f744b423a4f3135313434094609416374696e2d72656c617465642070726f7465696e20322f3320636f6d706c657820737562756e697420320941524333347c50524f323434360970726f7465696e097461786f6e3a3936303609323031373032323809474f5f43656e7472616c090909	UniProtKB:O15144	Actin-related protein 2/3 complex subunit 2		GO:0005200		GO_Central	NCBITaxon:9606	IBA	PANTHER:PTN000248611|UniProtKB:O15144	PANTHER:PTHR12058	protein		PMID:21873635	20170228			
556e6950726f744b42094f3135313433094152504331420909474f3a3030303532303009504d49443a31313734313533390949444109094609416374696e2d72656c617465642070726f7465696e20322f3320636f6d706c657820737562756e69742031420941524334310970726f7465696e097461786f6e3a3936303609323031343038313509466c7942617365090909	UniProtKB:O15143	Actin-related protein 2/3 complex subunit 1B		GO:0005200		FlyBase	NCBITaxon:9606	IDA		PANTHER:PTHR10709	protein		PMID:11741539	20140815			
556e6950726f744b42095036313136300941435452320909474f3a3030303532303009504d49443a31313734313533390949444109094609416374696e2d72656c617465642070726f7465696e203209415250320970726f7465696e097461786f6e3a3936303609323031343038313509466c7942617365090909	UniProtKB:P61160	Actin-related protein 2		GO:0005200		FlyBase	NCBITaxon:9606	IDA		PANTHER:PTHR11937	protein		PMID:11741539	20140815			
556e6950726f744b42095036313135380941435452330909474f3a3030303532303009504d49443a31313734313533390949444109094609416374696e2d72656c617465642070726f7465696e203309415250330970726f7465696e097461786f6e3a3936303609323031343038313509466c7942617365090909	UniProtKB:P61158	Actin-related protein 3		GO:0005200		FlyBase	NCBITaxon:9606	IDA		PANTHER:PTHR11937	protein		PMID:11741539	20140815			
556e6950726f744b420950363037303909414354420909474f3a3030303532303009504d49443a363230323432340954415309094609416374696e2c206379746f706c61736d69632031090970726f7465696e097461786f6e3a3936303609323030363131303809556e6950726f74090909	UniProtKB:P60709	Actin, cytoplasmic 1		GO:0005200		UniProt	NCBITaxon:9606	TAS		PANTHER:PTHR11937	protein		PMID:6202424	20061108			
556e6950726f744b420950363037303909414354420909474f3a3030393839373309504d49443a31383334313939320945585009094609416374696e2c206379746f706c61736d69632031090970726f7465696e097461786f6e3a393630360932303138303731310953796e474f096f63637572735f696e28474f3a30303938393738292c6f63637572735f696e28554245524f4e3a30303032343231290909	UniProtKB:P60709	Actin, cytoplasmic 1		GO:0098973	"{""relationship"": {""relation"": [{""id"": ""BFO:0000066"", ""label"": ""occurs in""}], ""id"": ""GO:0098978"", ""label"": ""glutamatergic synapse""}}|{""relationship"": {""relation"": [{""id"": ""BFO:0000066"", ""label"": ""occurs in""}], ""id"": ""UBERON:0002421"", ""label"": ""hippocampal formation""}}"	SynGO	NCBITaxon:9606	EXP		PANTHER:PTHR11937	protein		PMID:18341992	20180711			
556e6950726f744b420950363037303909414354420909474f3a3030393839373309504d49443a31383334313939320949444109094609416374696e2c206379746f706c61736d69632031090970726f7465696e097461786f6e3a393630360932303136303631350953796e474f096f63637572735f696e28474f3a30303433313937292c6f63637572735f696e28434c3a30303032363038290909	UniProtKB:P60709	Actin, cytoplasmic 1		GO:0098973	"{""relationship"": {""relation"": [{""id"": ""BFO:0000066"", ""label"": ""occurs in""}], ""id"": ""GO:0043197"", ""label"": ""dendritic spine""}}|{""relationship"": {""relation"": [{""id"": ""BFO:0000066"", ""label"": ""occurs in""}], ""id"": ""CL:0002608"", ""label"": ""hippocampal neuron""}}"	SynGO	NCBITaxon:9606	IDA		PANTHER:PTHR11937	protein		PMID:18341992	20160615			
556e6950726f744b420950363037303909414354420909474f3a3030393839373309504d49443a31383334313939320949444109094609416374696e2c206379746f706c61736d69632031090970726f7465696e097461786f6e3a393630360932303138303731310953796e474f096f63637572735f696e28474f3a30303938393738292c6f63637572735f696e28554245524f4e3a30303032343231290909	UniProtKB:P60709	Actin, cytoplasmic 1		GO:0098973	"{""relationship"": {""relation"": [{""id"": ""BFO:0000066"", ""label"": ""occurs in""}], ""id"": ""GO:0098978"", ""label"": ""glutamatergic synapse""}}|{""relationship"": {""relation"": [{""id"": ""BFO:0000066"", ""label"": ""occurs in""}], ""id"": ""UBERON:0002421"", ""label"": ""hippocampal formation""}}"	SynGO	NCBITaxon:9606	IDA		PANTHER:PTHR11937	protein		PMID:18341992	20180711			
556e6950726f744b420950363037303909414354420909474f3a3030393839373309504d49443a313833343139393209494d5009094609416374696e2c206379746f706c61736d69632031090970726f7465696e097461786f6e3a393630360932303138303731310953796e474f096f63637572735f696e28474f3a30303938393738292c6f63637572735f696e28554245524f4e3a30303032343231290909	UniProtKB:P60709	Actin, cytoplasmic 1		GO:0098973	"{""relationship"": {""relation"": [{""id"": ""BFO:0000066"", ""label"": ""occurs in""}], ""id"": ""GO:0098978"", ""label"": ""glutamatergic synapse""}}|{""relationship"": {""relation"": [{""id"": ""BFO:0000066"", ""label"": ""occurs in""}], ""id"": ""UBERON:0002421"", ""label"": ""hippocampal formation""}}"	SynGO	NCBITaxon:9606	IMP		PANTHER:PTHR11937	protein		PMID:18341992	20180711			
556e6950726f744b420950363037303909414354420909474f3a3030393839373309504d49443a3231383733363335094942410950414e544845523a50544e3030323633313532347c556e6950726f744b423a5036303730397c5247443a31333034353536094609416374696e2c206379746f706c61736d69632031090970726f7465696e097461786f6e3a3936303609323032303038303809474f5f43656e7472616c090909	UniProtKB:P60709	Actin, cytoplasmic 1		GO:0098973		GO_Central	NCBITaxon:9606	IBA	PANTHER:PTN002631524|UniProtKB:P60709|RGD:1304556	PANTHER:PTHR11937	protein		PMID:21873635	20200808			
556e6950726f744b42094f31353036310953594e4d0909474f3a3030303532303009504d49443a3131373337313938094944410909460953796e656d696e09444d4e7c4b494141303335337c53594e0970726f7465696e097461786f6e3a3936303609323031323132313909556e6950726f74090909	UniProtKB:O15061	Synemin		GO:0005200		UniProt	NCBITaxon:9606	IDA		PANTHER:PTHR47136	protein		PMID:11737198	20121219			
556e6950726f744b42094f31353036310953594e4d0909474f3a3030303532303009504d49443a3136373737303731094944410909460953796e656d696e09444d4e7c4b494141303335337c53594e0970726f7465696e097461786f6e3a3936303609323031323132313909556e6950726f74090909	UniProtKB:O15061	Synemin		GO:0005200		UniProt	NCBITaxon:9606	IDA		PANTHER:PTHR47136	protein		PMID:16777071	20121219			
556e6950726f744b42094f31353036310953594e4d0909474f3a3030303532303009504d49443a3231383733363335094942410950414e544845523a50544e3030323933323234377c556e6950726f744b423a4f313530363109460953796e656d696e09444d4e7c4b494141303335337c53594e0970726f7465696e097461786f6e3a3936303609323032303032313109474f5f43656e7472616c090909	UniProtKB:O15061	Synemin		GO:0005200		GO_Central	NCBITaxon:9606	IBA	PANTHER:PTN002932247|UniProtKB:O15061	PANTHER:PTHR47136	protein		PMID:21873635	20200211			
556e6950726f744b42094f313530323009535054424e320909474f3a3030303532303009504d49443a393832363637300954415309094609537065637472696e206265746120636861696e2c206e6f6e2d6572797468726f63797469632032094b494141303330327c534341350970726f7465696e097461786f6e3a3936303609323030323036313109556e6950726f74090909	UniProtKB:O15020	Spectrin beta chain, non-erythrocytic 2		GO:0005200		UniProt	NCBITaxon:9606	TAS		PANTHER:PTHR11915	protein		PMID:9826670	20020611			
556e6950726f744b4209513650455932095455424133450909474f3a3030303532303009504d49443a3231383733363335094942410950414e544845523a50544e3030303137323539387c6469637479426173653a4444425f47303238373638397c556e6950726f744b423a413041314438505456347c4d47493a4d47493a3130373831327c5347443a533030303030343230327c46423a4642676e303030333838367c46423a4642676e303030333838387c556e6950726f744b423a5032343633337c6469637479426173653a4444425f47303236393139367c556e6950726f744b423a413041314438504339377c556e6950726f744b423a5031383639357c46423a4642676e303238343234337c4d47493a4d47493a313037383134094609547562756c696e20616c7068612d334520636861696e090970726f7465696e097461786f6e3a3936303609323031373035313209474f5f43656e7472616c090909	UniProtKB:Q6PEY2	Tubulin alpha-3E chain		GO:0005200		GO_Central	NCBITaxon:9606	IBA	PANTHER:PTN000172598|dictyBase:DDB_G0287689|UniProtKB:A0A1D8PTV4|MGI:MGI:107812|SGD:S000004202|FB:FBgn0003886|FB:FBgn0003888|UniProtKB:P24633|dictyBase:DDB_G0269196|UniProtKB:A0A1D8PC97|UniProtKB:P18695|FB:FBgn0284243|MGI:MGI:107814	PANTHER:PTHR11588	protein		PMID:21873635	20170512			
556e6950726f744b42095131333531350942465350320909474f3a3030303532303009504d49443a3936323838313009544153090946095068616b696e696e090970726f7465696e097461786f6e3a393630360932303033303930340950494e43090909	UniProtKB:Q13515	Phakinin		GO:0005200		PINC	NCBITaxon:9606	TAS		PANTHER:PTHR23239	protein		PMID:9628810	20030904			
556e6950726f744b42095131333530390954554242330909474f3a3030303532303009504d49443a3231383733363335094942410950414e544845523a50544e3030303137323539387c6469637479426173653a4444425f47303238373638397c556e6950726f744b423a413041314438505456347c4d47493a4d47493a3130373831327c5347443a533030303030343230327c46423a4642676e303030333838367c46423a4642676e303030333838387c556e6950726f744b423a5032343633337c6469637479426173653a4444425f47303236393139367c556e6950726f744b423a413041314438504339377c556e6950726f744b423a5031383639357c46423a4642676e303238343234337c4d47493a4d47493a313037383134094609547562756c696e20626574612d3320636861696e0954554242340970726f7465696e097461786f6e3a3936303609323031373035313209474f5f43656e7472616c090909	UniProtKB:Q13509	Tubulin beta-3 chain		GO:0005200		GO_Central	NCBITaxon:9606	IBA	PANTHER:PTN000172598|dictyBase:DDB_G0287689|UniProtKB:A0A1D8PTV4|MGI:MGI:107812|SGD:S000004202|FB:FBgn0003886|FB:FBgn0003888|UniProtKB:P24633|dictyBase:DDB_G0269196|UniProtKB:A0A1D8PC97|UniProtKB:P18695|FB:FBgn0284243|MGI:MGI:107814	PANTHER:PTHR11588	protein		PMID:21873635	20170512			
556e6950726f744b4209503038373237094b525431390909474f3a3030303532303009504d49443a3234343837393009544153090946094b65726174696e2c20747970652049206379746f736b656c6574616c203139090970726f7465696e097461786f6e3a393630360932303033303930340950494e43090909	UniProtKB:P08727	Keratin, type I cytoskeletal 19		GO:0005200		PINC	NCBITaxon:9606	TAS		PANTHER:PTHR23239	protein		PMID:2448790	20030904			
556e6950726f744b4209513942564131095455424232420909474f3a3030303532303009504d49443a3231383733363335094942410950414e544845523a50544e3030303137323539387c6469637479426173653a4444425f47303238373638397c556e6950726f744b423a413041314438505456347c4d47493a4d47493a3130373831327c5347443a533030303030343230327c46423a4642676e303030333838367c46423a4642676e303030333838387c556e6950726f744b423a5032343633337c6469637479426173653a4444425f47303236393139367c556e6950726f744b423a413041314438504339377c556e6950726f744b423a5031383639357c46423a4642676e303238343234337c4d47493a4d47493a313037383134094609547562756c696e20626574612d324220636861696e090970726f7465696e097461786f6e3a3936303609323031373035313209474f5f43656e7472616c090909	UniProtKB:Q9BVA1	Tubulin beta-2B chain		GO:0005200		GO_Central	NCBITaxon:9606	IBA	PANTHER:PTN000172598|dictyBase:DDB_G0287689|UniProtKB:A0A1D8PTV4|MGI:MGI:107812|SGD:S000004202|FB:FBgn0003886|FB:FBgn0003888|UniProtKB:P24633|dictyBase:DDB_G0269196|UniProtKB:A0A1D8PC97|UniProtKB:P18695|FB:FBgn0284243|MGI:MGI:107814	PANTHER:PTHR11588	protein		PMID:21873635	20170512			
556e6950726f744b42095033353636330943594c43310909474f3a3030303532303009474f5f5245463a303030303030320949454109496e74657250726f3a49505230323631383909460943796c6963696e2d310943594c7c43594c310970726f7465696e097461786f6e3a3936303609323032303131323809496e74657250726f090909	UniProtKB:P35663	Cylicin-1		GO:0005200		InterPro	NCBITaxon:9606	IEA	InterPro:IPR026189	PANTHER:PTHR16742	protein		GO_REF:0000002	20201128			
556e6950726f744b420950333536313209414444320909474f3a3030303532303009474f5f5245463a303030303130370949454109556e6950726f744b423a5139515942387c656e73656d626c3a454e534d5553503030303030313435313630094609426574612d6164647563696e09414444420970726f7465696e097461786f6e3a3936303609323032303131323809456e73656d626c090909	UniProtKB:P35612	Beta-adducin		GO:0005200		Ensembl	NCBITaxon:9606	IEA	UniProtKB:Q9QYB8|ensembl:ENSMUSP00000145160	PANTHER:PTHR10672	protein		GO_REF:0000107	20201128			
556e6950726f744b420950333536313109414444310909474f3a3030303532303009474f5f5245463a303030303130370949454109556e6950726f744b423a5139515943307c656e73656d626c3a454e534d5553503030303030313039393739094609416c7068612d6164647563696e09414444410970726f7465696e097461786f6e3a3936303609323032303131323809456e73656d626c090909	UniProtKB:P35611	Alpha-adducin		GO:0005200		Ensembl	NCBITaxon:9606	IEA	UniProtKB:Q9QYC0|ensembl:ENSMUSP00000109979	PANTHER:PTHR10672	protein		GO_REF:0000107	20201128			
556e6950726f744b420951313239353509414e4b330909474f3a3030303532303009504d49443a313736323033333709494d5009094609416e6b7972696e2d33090970726f7465696e097461786f6e3a39363036093230313230363037094248462d55434c090909	UniProtKB:Q12955	Ankyrin-3		GO:0005200		BHF-UCL	NCBITaxon:9606	IMP		PANTHER:PTHR24133	protein		PMID:17620337	20120607			
556e6950726f744b42095131323933340942465350310909474f3a3030303532303009504d49443a39363238383130095441530909460946696c656e73696e090970726f7465696e097461786f6e3a393630360932303033303930340950494e43090909	UniProtKB:Q12934	Filensin		GO:0005200		PINC	NCBITaxon:9606	TAS		PANTHER:PTHR14069	protein		PMID:9628810	20030904			
556e6950726f744b42095131343039330943594c43320909474f3a3030303532303009474f5f5245463a303030303030320949454109496e74657250726f3a49505230323631383909460943796c6963696e2d320943594c320970726f7465696e097461786f6e3a3936303609323032303131323809496e74657250726f090909	UniProtKB:Q14093	Cylicin-2		GO:0005200		InterPro	NCBITaxon:9606	IEA	InterPro:IPR026189	PANTHER:PTHR16742	protein		GO_REF:0000002	20201128			
556e6950726f744b4209503133363437094b5254350909474f3a3030303532303009504d49443a3735323030343209544153090946094b65726174696e2c2074797065204949206379746f736b656c6574616c2035090970726f7465696e097461786f6e3a393630360932303033303930340950494e43090909	UniProtKB:P13647	Keratin, type II cytoskeletal 5		GO:0005200		PINC	NCBITaxon:9606	TAS		PANTHER:PTHR45616	protein		PMID:7520042	20030904			
556e6950726f744b4209513959324a320945504234314c330909474f3a3030303532303009504d49443a3231393636343039095441530909460942616e6420342e312d6c696b652070726f7465696e20330944414c317c4b494141303938370970726f7465696e097461786f6e3a39363036093230313330313131094248462d55434c096f63637572735f696e28434c3a30303030353430290909	UniProtKB:Q9Y2J2	Band 4.1-like protein 3		GO:0005200	"{""relationship"": {""relation"": [{""id"": ""BFO:0000066"", ""label"": ""occurs in""}], ""id"": ""CL:0000540"", ""label"": ""neuron""}}"	BHF-UCL	NCBITaxon:9606	TAS		PANTHER:PTHR23280	protein		PMID:21966409	20130111			
556e6950726f744b4209503132303336094e4546480909474f3a3030303532303009474f5f5245463a303030303032340949535309556e6950726f744b423a5031363838340946094e6575726f66696c616d656e7420686561767920706f6c7970657074696465094b494141303834357c4e46480970726f7465696e097461786f6e3a39363036093230313430333034094248462d55434c090909	UniProtKB:P12036	Neurofilament heavy polypeptide		GO:0005200		BHF-UCL	NCBITaxon:9606	ISS	UniProtKB:P16884	PANTHER:PTHR23214	protein		GO_REF:0000024	20140304			
556e6950726f744b4209503132303336094e4546480909474f3a3030303532303009504d49443a3735333638393809494d50090946094e6575726f66696c616d656e7420686561767920706f6c7970657074696465094b494141303834357c4e46480970726f7465696e097461786f6e3a39363036093230313930333133094248462d55434c090909	UniProtKB:P12036	Neurofilament heavy polypeptide		GO:0005200		BHF-UCL	NCBITaxon:9606	IMP		PANTHER:PTHR23214	protein		PMID:7536898	20190313			
556e6950726f744b4209503132303336094e4546480909474f3a3030393931383409474f5f5245463a303030303130370949454109556e6950726f744b423a5031393234367c656e73656d626c3a454e534d55535030303030303039313036310946094e6575726f66696c616d656e7420686561767920706f6c7970657074696465094b494141303834357c4e46480970726f7465696e097461786f6e3a3936303609323032303131323809456e73656d626c090909	UniProtKB:P12036	Neurofilament heavy polypeptide		GO:0099184		Ensembl	NCBITaxon:9606	IEA	UniProtKB:P19246|ensembl:ENSMUSP00000091061	PANTHER:PTHR23214	protein		GO_REF:0000107	20201128			
556e6950726f744b42095139554a54310954554244310909474f3a3030303532303009504d49443a3231383733363335094942410950414e544845523a50544e3030303137323539387c6469637479426173653a4444425f47303238373638397c556e6950726f744b423a413041314438505456347c4d47493a4d47493a3130373831327c5347443a533030303030343230327c46423a4642676e303030333838367c46423a4642676e303030333838387c556e6950726f744b423a5032343633337c6469637479426173653a4444425f47303236393139367c556e6950726f744b423a413041314438504339377c556e6950726f744b423a5031383639357c46423a4642676e303238343234337c4d47493a4d47493a313037383134094609547562756c696e2064656c746120636861696e09545542440970726f7465696e097461786f6e3a3936303609323031373035313209474f5f43656e7472616c090909	UniProtKB:Q9UJT1	Tubulin delta chain		GO:0005200		GO_Central	NCBITaxon:9606	IBA	PANTHER:PTN000172598|dictyBase:DDB_G0287689|UniProtKB:A0A1D8PTV4|MGI:MGI:107812|SGD:S000004202|FB:FBgn0003886|FB:FBgn0003888|UniProtKB:P24633|dictyBase:DDB_G0269196|UniProtKB:A0A1D8PC97|UniProtKB:P18695|FB:FBgn0284243|MGI:MGI:107814	PANTHER:PTHR11588	protein		PMID:21873635	20170512			
556e6950726f744b420951394e5248330954554247320909474f3a3030303532303009504d49443a3231383733363335094942410950414e544845523a50544e3030303137323539387c6469637479426173653a4444425f47303238373638397c556e6950726f744b423a413041314438505456347c4d47493a4d47493a3130373831327c5347443a533030303030343230327c46423a4642676e303030333838367c46423a4642676e303030333838387c556e6950726f744b423a5032343633337c6469637479426173653a4444425f47303236393139367c556e6950726f744b423a413041314438504339377c556e6950726f744b423a5031383639357c46423a4642676e303238343234337c4d47493a4d47493a313037383134094609547562756c696e2067616d6d612d3220636861696e090970726f7465696e097461786f6e3a3936303609323031373035313209474f5f43656e7472616c090909	UniProtKB:Q9NRH3	Tubulin gamma-2 chain		GO:0005200		GO_Central	NCBITaxon:9606	IBA	PANTHER:PTN000172598|dictyBase:DDB_G0287689|UniProtKB:A0A1D8PTV4|MGI:MGI:107812|SGD:S000004202|FB:FBgn0003886|FB:FBgn0003888|UniProtKB:P24633|dictyBase:DDB_G0269196|UniProtKB:A0A1D8PC97|UniProtKB:P18695|FB:FBgn0284243|MGI:MGI:107814	PANTHER:PTHR11588	protein		PMID:21873635	20170512			
556e6950726f744b4209503044504838095455424133440909474f3a3030303532303009504d49443a3231383733363335094942410950414e544845523a50544e3030303137323539387c6469637479426173653a4444425f47303238373638397c556e6950726f744b423a413041314438505456347c4d47493a4d47493a3130373831327c5347443a533030303030343230327c46423a4642676e303030333838367c46423a4642676e303030333838387c556e6950726f744b423a5032343633337c6469637479426173653a4444425f47303236393139367c556e6950726f744b423a413041314438504339377c556e6950726f744b423a5031383639357c46423a4642676e303238343234337c4d47493a4d47493a313037383134094609547562756c696e20616c7068612d334420636861696e090970726f7465696e097461786f6e3a3936303609323031373035313209474f5f43656e7472616c090909	UniProtKB:P0DPH8	Tubulin alpha-3D chain		GO:0005200		GO_Central	NCBITaxon:9606	IBA	PANTHER:PTN000172598|dictyBase:DDB_G0287689|UniProtKB:A0A1D8PTV4|MGI:MGI:107812|SGD:S000004202|FB:FBgn0003886|FB:FBgn0003888|UniProtKB:P24633|dictyBase:DDB_G0269196|UniProtKB:A0A1D8PC97|UniProtKB:P18695|FB:FBgn0284243|MGI:MGI:107814	PANTHER:PTHR11588	protein		PMID:21873635	20170512			
556e6950726f744b4209503044504837095455424133430909474f3a3030303532303009504d49443a3231383733363335094942410950414e544845523a50544e3030303137323539387c6469637479426173653a4444425f47303238373638397c556e6950726f744b423a413041314438505456347c4d47493a4d47493a3130373831327c5347443a533030303030343230327c46423a4642676e303030333838367c46423a4642676e303030333838387c556e6950726f744b423a5032343633337c6469637479426173653a4444425f47303236393139367c556e6950726f744b423a413041314438504339377c556e6950726f744b423a5031383639357c46423a4642676e303238343234337c4d47493a4d47493a313037383134094609547562756c696e20616c7068612d334320636861696e0954554241320970726f7465696e097461786f6e3a3936303609323031373035313209474f5f43656e7472616c090909	UniProtKB:P0DPH7	Tubulin alpha-3C chain		GO:0005200		GO_Central	NCBITaxon:9606	IBA	PANTHER:PTN000172598|dictyBase:DDB_G0287689|UniProtKB:A0A1D8PTV4|MGI:MGI:107812|SGD:S000004202|FB:FBgn0003886|FB:FBgn0003888|UniProtKB:P24633|dictyBase:DDB_G0269196|UniProtKB:A0A1D8PC97|UniProtKB:P18695|FB:FBgn0284243|MGI:MGI:107814	PANTHER:PTHR11588	protein		PMID:21873635	20170512			
556e6950726f744b42095139483442370954554242310909474f3a3030303532303009504d49443a3231383733363335094942410950414e544845523a50544e3030303137323539387c6469637479426173653a4444425f47303238373638397c556e6950726f744b423a413041314438505456347c4d47493a4d47493a3130373831327c5347443a533030303030343230327c46423a4642676e303030333838367c46423a4642676e303030333838387c556e6950726f744b423a5032343633337c6469637479426173653a4444425f47303236393139367c556e6950726f744b423a413041314438504339377c556e6950726f744b423a5031383639357c46423a4642676e303238343234337c4d47493a4d47493a313037383134094609547562756c696e20626574612d3120636861696e090970726f7465696e097461786f6e3a3936303609323031373035313209474f5f43656e7472616c090909	UniProtKB:Q9H4B7	Tubulin beta-1 chain		GO:0005200		GO_Central	NCBITaxon:9606	IBA	PANTHER:PTN000172598|dictyBase:DDB_G0287689|UniProtKB:A0A1D8PTV4|MGI:MGI:107812|SGD:S000004202|FB:FBgn0003886|FB:FBgn0003888|UniProtKB:P24633|dictyBase:DDB_G0269196|UniProtKB:A0A1D8PC97|UniProtKB:P18695|FB:FBgn0284243|MGI:MGI:107814	PANTHER:PTHR11588	protein		PMID:21873635	20170512			
556e6950726f744b42095035393939380941525043340909474f3a3030303532303009504d49443a31313734313533390949444109094609416374696e2d72656c617465642070726f7465696e20322f3320636f6d706c657820737562756e697420340941524332300970726f7465696e097461786f6e3a3936303609323031343038313509466c7942617365090909	UniProtKB:P59998	Actin-related protein 2/3 complex subunit 4		GO:0005200		FlyBase	NCBITaxon:9606	IDA		PANTHER:PTHR22629	protein		PMID:11741539	20140815			
556e6950726f744b420951335a434d370954554242380909474f3a3030303532303009504d49443a3231383733363335094942410950414e544845523a50544e3030303137323539387c6469637479426173653a4444425f47303238373638397c556e6950726f744b423a413041314438505456347c4d47493a4d47493a3130373831327c5347443a533030303030343230327c46423a4642676e303030333838367c46423a4642676e303030333838387c556e6950726f744b423a5032343633337c6469637479426173653a4444425f47303236393139367c556e6950726f744b423a413041314438504339377c556e6950726f744b423a5031383639357c46423a4642676e303238343234337c4d47493a4d47493a313037383134094609547562756c696e20626574612d3820636861696e090970726f7465696e097461786f6e3a3936303609323031373035313209474f5f43656e7472616c090909	UniProtKB:Q3ZCM7	Tubulin beta-8 chain		GO:0005200		GO_Central	NCBITaxon:9606	IBA	PANTHER:PTN000172598|dictyBase:DDB_G0287689|UniProtKB:A0A1D8PTV4|MGI:MGI:107812|SGD:S000004202|FB:FBgn0003886|FB:FBgn0003888|UniProtKB:P24633|dictyBase:DDB_G0269196|UniProtKB:A0A1D8PC97|UniProtKB:P18695|FB:FBgn0284243|MGI:MGI:107814	PANTHER:PTHR11588	protein		PMID:21873635	20170512			
556e6950726f744b4209503037313937094e45464d0909474f3a3030303532303009504d49443a3336303839383909544153090946094e6575726f66696c616d656e74206d656469756d20706f6c7970657074696465094e4546337c4e464d0970726f7465696e097461786f6e3a393630360932303033303930340950494e43090909	UniProtKB:P07197	Neurofilament medium polypeptide		GO:0005200		PINC	NCBITaxon:9606	TAS		PANTHER:PTHR45652	protein		PMID:3608989	20030904			
556e6950726f744b4209503037313936094e45464c0909474f3a3030303532303009504d49443a313234333230383009494441090946094e6575726f66696c616d656e74206c6967687420706f6c7970657074696465094e4636387c4e464c0970726f7465696e097461786f6e3a3936303609323030333039303409556e6950726f74090909	UniProtKB:P07196	Neurofilament light polypeptide		GO:0005200		UniProt	NCBITaxon:9606	IDA		PANTHER:PTHR45652	protein		PMID:12432080	20030904			
556e6950726f744b4209503037313936094e45464c0909474f3a3030393931383409474f5f5245463a303030303130370949454109556e6950726f744b423a5030383535317c656e73656d626c3a454e534d55535030303030303032323633390946094e6575726f66696c616d656e74206c6967687420706f6c7970657074696465094e4636387c4e464c0970726f7465696e097461786f6e3a3936303609323032303131323809456e73656d626c090909	UniProtKB:P07196	Neurofilament light polypeptide		GO:0099184		Ensembl	NCBITaxon:9606	IEA	UniProtKB:P08551|ensembl:ENSMUSP00000022639	PANTHER:PTHR45652	protein		GO_REF:0000107	20201128			
556e6950726f744b420951395934393009544c4e310909474f3a3030303532303009474f5f5245463a303030303030320949454109496e74657250726f3a49505230313532323409460954616c696e2d31094b494141313032377c544c4e0970726f7465696e097461786f6e3a3936303609323032303131323809496e74657250726f090909	UniProtKB:Q9Y490	Talin-1		GO:0005200		InterPro	NCBITaxon:9606	IEA	InterPro:IPR015224	PANTHER:PTHR19981	protein		GO_REF:0000002	20201128			
556e6950726f744b420951313633353209494e410909474f3a3030303532303009504d49443a373736393939350954415309094609416c7068612d696e7465726e6578696e094e4546350970726f7465696e097461786f6e3a393630360932303033303930340950494e43090909	UniProtKB:Q16352	Alpha-internexin		GO:0005200		PINC	NCBITaxon:9606	TAS		PANTHER:PTHR45652	protein		PMID:7769995	20030904			
556e6950726f744b420951313633353209494e410909474f3a3030393839373309474f5f5245463a303030303130370949454109556e6950726f744b423a5034363636307c656e73656d626c3a454e534d5553503030303030303431333437094609416c7068612d696e7465726e6578696e094e4546350970726f7465696e097461786f6e3a3936303609323032303131323809456e73656d626c090909	UniProtKB:Q16352	Alpha-internexin		GO:0098973		Ensembl	NCBITaxon:9606	IEA	UniProtKB:P46660|ensembl:ENSMUSP00000041347	PANTHER:PTHR45652	protein		GO_REF:0000107	20201128			
556e6950726f744b420951313633353209494e410909474f3a3030393931383409474f5f5245463a303030303130370949454109556e6950726f744b423a5034363636307c656e73656d626c3a454e534d5553503030303030303431333437094609416c7068612d696e7465726e6578696e094e4546350970726f7465696e097461786f6e3a3936303609323032303131323809456e73656d626c090909	UniProtKB:Q16352	Alpha-internexin		GO:0099184		Ensembl	NCBITaxon:9606	IEA	UniProtKB:P46660|ensembl:ENSMUSP00000041347	PANTHER:PTHR45652	protein		GO_REF:0000107	20201128			
556e6950726f744b420951395934473609544c4e320909474f3a3030303532303009474f5f5245463a303030303030320949454109496e74657250726f3a49505230313532323409460954616c696e2d32094b494141303332300970726f7465696e097461786f6e3a3936303609323032303131323809496e74657250726f090909	UniProtKB:Q9Y4G6	Talin-2		GO:0005200		InterPro	NCBITaxon:9606	IEA	InterPro:IPR015224	PANTHER:PTHR19981	protein		GO_REF:0000002	20201128			
556e6950726f744b42094f363035303409534f524253330909474f3a3030303532303009504d49443a39383835323434095441530909460956696e6578696e095343414d310970726f7465696e097461786f6e3a393630360932303033303930340950494e43090909	UniProtKB:O60504	Vinexin		GO:0005200		PINC	NCBITaxon:9606	TAS		PANTHER:PTHR14167	protein		PMID:9885244	20030904			
556e6950726f744b42095139483332390945504234314c34420909474f3a3030303532303009504d49443a3130373833323538095441530909460942616e6420342e312d6c696b652070726f7465696e2034420945484d327c4c554c55320970726f7465696e097461786f6e3a393630360932303035303330380950494e43090909	UniProtKB:Q9H329	Band 4.1-like protein 4B		GO:0005200		PINC	NCBITaxon:9606	TAS		PANTHER:PTHR23280	protein		PMID:10783258	20050308			
556e6950726f744b420950303734333709545542420909474f3a3030303532303009504d49443a3231383733363335094942410950414e544845523a50544e3030303137323539387c6469637479426173653a4444425f47303238373638397c556e6950726f744b423a413041314438505456347c4d47493a4d47493a3130373831327c5347443a533030303030343230327c46423a4642676e303030333838367c46423a4642676e303030333838387c556e6950726f744b423a5032343633337c6469637479426173653a4444425f47303236393139367c556e6950726f744b423a413041314438504339377c556e6950726f744b423a5031383639357c46423a4642676e303238343234337c4d47493a4d47493a313037383134094609547562756c696e206265746120636861696e0954554242357c4f4b2f53572d636c2e35360970726f7465696e097461786f6e3a3936303609323031373035313209474f5f43656e7472616c090909	UniProtKB:P07437	Tubulin beta chain		GO:0005200		GO_Central	NCBITaxon:9606	IBA	PANTHER:PTN000172598|dictyBase:DDB_G0287689|UniProtKB:A0A1D8PTV4|MGI:MGI:107812|SGD:S000004202|FB:FBgn0003886|FB:FBgn0003888|UniProtKB:P24633|dictyBase:DDB_G0269196|UniProtKB:A0A1D8PC97|UniProtKB:P18695|FB:FBgn0284243|MGI:MGI:107814	PANTHER:PTHR11588	protein		PMID:21873635	20170512			
556e6950726f744b420951394e534232094b525438340909474f3a3030303532303009504d49443a3130363932313034094e4153090946094b65726174696e2c2074797065204949206375746963756c617220486234094b52544842340970726f7465696e097461786f6e3a3936303609323031313132313409556e6950726f74090909	UniProtKB:Q9NSB2	Keratin, type II cuticular Hb4		GO:0005200		UniProt	NCBITaxon:9606	NAS		PANTHER:PTHR45616	protein		PMID:10692104	20111214			
556e6950726f744b42094f36303433370950504c0909474f3a3030303532303009504d49443a39353231383738095441530909460950657269706c616b696e094b494141303536380970726f7465696e097461786f6e3a393630360932303033303930340950494e43090909	UniProtKB:O60437	Periplakin		GO:0005200		PINC	NCBITaxon:9606	TAS		PANTHER:PTHR23169	protein		PMID:9521878	20030904			
556e6950726f744b4209513959354b360943443241500909474f3a3030303532303009504d49443a313033333935363709544153090946094344322d6173736f6369617465642070726f7465696e090970726f7465696e097461786f6e3a393630360932303033303930340950494e43090909	UniProtKB:Q9Y5K6	CD2-associated protein		GO:0005200		PINC	NCBITaxon:9606	TAS		PANTHER:PTHR14167	protein		PMID:10339567	20030904			
556e6950726f744b42095135545a41320943524f43430909474f3a3030303532303009474f5f5245463a303030303130370949454109556e6950726f744b423a5138434a34307c656e73656d626c3a454e534d5553503030303030303939353439094609526f6f746c6574696e094b494141303434350970726f7465696e097461786f6e3a3936303609323032303131323809456e73656d626c090909	UniProtKB:Q5TZA2	Rootletin		GO:0005200		Ensembl	NCBITaxon:9606	IEA	UniProtKB:Q8CJ40|ensembl:ENSMUSP00000099549	PANTHER:PTHR23159	protein		GO_REF:0000107	20201128			
556e6950726f744b42095139364730310942494344310909474f3a3030303532303009504d49443a39333637363835095441530909460950726f7465696e20626963617564616c204420686f6d6f6c6f672031090970726f7465696e097461786f6e3a393630360932303035303330380950494e43090909	UniProtKB:Q96G01	Protein bicaudal D homolog 1		GO:0005200		PINC	NCBITaxon:9606	TAS		PANTHER:PTHR31233	protein		PMID:9367685	20050308			
556e6950726f744b420951395545593809414444330909474f3a3030303532303009474f5f5245463a303030303130370949454109556e6950726f744b423a5139515942357c656e73656d626c3a454e534d555350303030303030323539393909460947616d6d612d6164647563696e094144444c0970726f7465696e097461786f6e3a3936303609323032303131323809456e73656d626c090909	UniProtKB:Q9UEY8	Gamma-adducin		GO:0005200		Ensembl	NCBITaxon:9606	IEA	UniProtKB:Q9QYB5|ensembl:ENSMUSP00000025999	PANTHER:PTHR10672	protein		GO_REF:0000107	20201128			
556e6950726f744b4209503135393234094453500909474f3a3030303532303009504d49443a3938383733343309544153090946094465736d6f706c616b696e090970726f7465696e097461786f6e3a393630360932303033303930340950494e43090909	UniProtKB:P15924	Desmoplakin		GO:0005200		PINC	NCBITaxon:9606	TAS		PANTHER:PTHR23169	protein		PMID:9887343	20030904			
556e6950726f744b42095131363230340943434443360909474f3a3030303532303009504d49443a383035383331360954415309094609436f696c65642d636f696c20646f6d61696e2d636f6e7461696e696e672070726f7465696e203609443130533137307c545354310970726f7465696e097461786f6e3a393630360932303033303930340950494e43090909	UniProtKB:Q16204	Coiled-coil domain-containing protein 6		GO:0005200		PINC	NCBITaxon:9606	TAS		PANTHER:PTHR15276	protein		PMID:8058316	20030904			
556e6950726f744b420951313436353109504c53310909474f3a3030303532303009504d49443a383133393534390954415309094609506c617374696e2d31090970726f7465696e097461786f6e3a393630360932303033303930340950494e43090909	UniProtKB:Q14651	Plastin-1		GO:0005200		PINC	NCBITaxon:9606	TAS		PANTHER:PTHR19961	protein		PMID:8139549	20030904			
556e6950726f744b42095139554a54300954554245310909474f3a3030303532303009504d49443a3231383733363335094942410950414e544845523a50544e3030303137323539387c6469637479426173653a4444425f47303238373638397c556e6950726f744b423a413041314438505456347c4d47493a4d47493a3130373831327c5347443a533030303030343230327c46423a4642676e303030333838367c46423a4642676e303030333838387c556e6950726f744b423a5032343633337c6469637479426173653a4444425f47303236393139367c556e6950726f744b423a413041314438504339377c556e6950726f744b423a5031383639357c46423a4642676e303238343234337c4d47493a4d47493a313037383134094609547562756c696e20657073696c6f6e20636861696e09545542450970726f7465696e097461786f6e3a3936303609323031373035313209474f5f43656e7472616c090909	UniProtKB:Q9UJT0	Tubulin epsilon chain		GO:0005200		GO_Central	NCBITaxon:9606	IBA	PANTHER:PTN000172598|dictyBase:DDB_G0287689|UniProtKB:A0A1D8PTV4|MGI:MGI:107812|SGD:S000004202|FB:FBgn0003886|FB:FBgn0003888|UniProtKB:P24633|dictyBase:DDB_G0269196|UniProtKB:A0A1D8PC97|UniProtKB:P18695|FB:FBgn0284243|MGI:MGI:107814	PANTHER:PTHR11588	protein		PMID:21873635	20170512			
556e6950726f744b420951394832353409535054424e340909474f3a3030303532303009504d49443a31313239343833300954415309094609537065637472696e206265746120636861696e2c206e6f6e2d6572797468726f63797469632034094b494141313634327c535054424e330970726f7465696e097461786f6e3a3936303609323030323036313809556e6950726f74090909	UniProtKB:Q9H254	Spectrin beta chain, non-erythrocytic 4		GO:0005200		UniProt	NCBITaxon:9606	TAS		PANTHER:PTHR11915	protein		PMID:11294830	20020618			
556e6950726f744b4209503137363631094445530909474f3a3030303532303009504d49443a3937333637333309544153090946094465736d696e090970726f7465696e097461786f6e3a393630360932303033303930340950494e43090909	UniProtKB:P17661	Desmin		GO:0005200		PINC	NCBITaxon:9606	TAS		PANTHER:PTHR45652	protein		PMID:9736733	20030904			
556e6950726f744b4209513955474a3109545542474350340909474f3a3030303532303009504d49443a3130353632323836094e41530909460947616d6d612d747562756c696e20636f6d706c657820636f6d706f6e656e742034093736507c474350340970726f7465696e097461786f6e3a3936303609323030323132313809556e6950726f74090909	UniProtKB:Q9UGJ1	Gamma-tubulin complex component 4		GO:0005200		UniProt	NCBITaxon:9606	NAS		PANTHER:PTHR19302	protein		PMID:10562286	20021218			
556e6950726f744b420951303130383209535054424e310909474f3a3030303532303009504d49443a313736323033333709494d5009094609537065637472696e206265746120636861696e2c206e6f6e2d6572797468726f637974696320310953505442320970726f7465696e097461786f6e3a39363036093230313230363037094248462d55434c090909	UniProtKB:Q01082	Spectrin beta chain, non-erythrocytic 1		GO:0005200		BHF-UCL	NCBITaxon:9606	IMP		PANTHER:PTHR11915	protein		PMID:17620337	20120607			
556e6950726f744b4209503139303132094b525431350909474f3a3030303532303009504d49443a3235383032393809544153090946094b65726174696e2c20747970652049206379746f736b656c6574616c203135094b5254420970726f7465696e097461786f6e3a393630360932303033303930340950494e43090909	UniProtKB:P19012	Keratin, type I cytoskeletal 15		GO:0005200		PINC	NCBITaxon:9606	TAS		PANTHER:PTHR23239	protein		PMID:2580298	20030904			
556e6950726f744b4209503335393038094b5254320909474f3a3030303532303009504d49443a3133383039313809544153090946094b65726174696e2c2074797065204949206379746f736b656c6574616c2032206570696465726d616c094b525432417c4b525432450970726f7465696e097461786f6e3a393630360932303033303930340950494e43090909	UniProtKB:P35908	Keratin, type II cytoskeletal 2 epidermal		GO:0005200		PINC	NCBITaxon:9606	TAS		PANTHER:PTHR45616	protein		PMID:1380918	20030904			
556e6950726f744b4209503335393030094b525432300909474f3a3030303532303009504d49443a38333539353935094e4153090946094b65726174696e2c20747970652049206379746f736b656c6574616c203230090970726f7465696e097461786f6e3a3936303609323030313039323509556e6950726f74090909	UniProtKB:P35900	Keratin, type I cytoskeletal 20		GO:0005200		UniProt	NCBITaxon:9606	NAS		PANTHER:PTHR23239	protein		PMID:8359595	20010925			
556e6950726f744b42094f3935363139095945415453340909474f3a3030303532303009504d49443a3130393133313134094e415309094609594541545320646f6d61696e2d636f6e7461696e696e672070726f7465696e20340947415334310970726f7465696e097461786f6e3a3936303609323030363132303409556e6950726f74090909	UniProtKB:O95619	YEATS domain-containing protein 4		GO:0005200		UniProt	NCBITaxon:9606	NAS		PANTHER:PTHR23195	protein		PMID:10913114	20061204			
556e6950726f744b420950313631353709414e4b310909474f3a3030303532303009504d49443a383634303232390954415309094609416e6b7972696e2d3109414e4b0970726f7465696e097461786f6e3a393630360932303033303930340950494e43090909	UniProtKB:P16157	Ankyrin-1		GO:0005200		PINC	NCBITaxon:9606	TAS		PANTHER:PTHR24133	protein		PMID:8640229	20030904			
556e6950726f744b4209513135333233094b525433310909474f3a3030303532303009504d49443a3934303534343209544153090946094b65726174696e2c20747970652049206375746963756c61722048613109484841317c484b41317c4b52544841310970726f7465696e097461786f6e3a393630360932303033303930340950494e43090909	UniProtKB:Q15323	Keratin, type I cuticular Ha1		GO:0005200		PINC	NCBITaxon:9606	TAS		PANTHER:PTHR23239	protein		PMID:9405442	20030904			
